Time (ms), X, Y, Event
54449.65,309.3745,244.5879,0
54496.37,309.2764,244.6874,0
54504.37,309.1847,244.6489,0
54512.7,309.0703,244.6714,0
54526.67,309.0807,244.7032,0
54541.99,309.0833,244.7128,0
54556.48,309.0418,244.659,0
54570.07,309.0164,244.6443,0
54584.89,308.9962,244.6774,0
54601.59,308.8644,244.7365,0
54618.59,308.7436,244.8127,0
54634.59,308.6509,244.8486,0
54652.2,308.6252,244.9008,0
54668.96,308.6389,244.8178,0
54685.57,308.528,244.7957,0
54702.54,308.4218,244.7672,0
54719.08,308.4065,244.8895,0
54735.72,308.3684,244.9383,0
54752.57,308.3845,244.8476,0
54769.52,308.352,244.8942,0
54786.51,308.3123,244.9538,0
54803.2,308.3947,244.9037,0
54819.87,308.3436,244.8613,0
54838.74,308.2865,244.9639,0
54855.88,308.3198,245.2757,0
54874.3,308.3377,245.6454,0
54890.71,308.3408,246.0398,0
54903.26,308.3191,246.3834,0
54923.92,308.3215,246.7106,0
54940.19,308.2256,247.1456,0
54957.41,308.1741,247.8206,0
54973.07,308.0926,248.6477,0
54992.58,307.9826,249.359,0
55008.2,307.8775,250.167,0
55025.44,307.8395,250.9572,0
55042.09,307.753,251.7187,0
55058.71,307.7166,252.4443,0
55075.68,307.7137,253.0757,0
55092.82,307.7739,253.5577,0
55111.08,307.9445,253.7994,0
55125.5,308.2676,253.8426,0
55142.34,308.4954,253.8813,0
55160.11,308.5472,253.9306,0
55176.19,308.6492,254.0327,0
55193.72,308.8434,254.3006,0
55210.36,308.7716,254.5279,0
55226.48,308.7467,254.7247,0
55242.66,308.8622,255.0336,0
55259.55,309.1071,255.0844,0
55274.59,309.3784,255.0712,0
55293.2,309.6913,255.0949,0
55310.28,310.2736,255.1714,0
55327.3,310.4544,255.2669,0
55343.4,310.7966,255.2998,0
55359.36,311.2155,255.2428,0
55375.99,311.6331,255.2853,0
55396.14,312.22,255.246,0
55411.02,312.7112,255.2013,0
55426.68,313.2354,255.0764,0
55443.7,313.6526,255.0388,0
55460.64,314.0734,254.9543,0
55476.55,314.7694,254.8413,0
55502.17,315.1412,254.7506,0
55519.41,315.4796,254.7,0
55531.66,315.8865,254.6716,0
55545.32,316.3723,254.6369,0
55559.88,316.897,254.7402,0
55576.23,317.3163,254.8965,0
55596.03,317.5859,255.0568,0
55614.35,317.9076,255.1872,0
55627.17,318.2628,255.2075,0
55642.97,318.5713,255.2122,0
55660.55,318.8015,255.2691,0
55678.02,319.0948,255.3245,0
55693.91,319.3761,255.4217,0
55713.13,319.6233,255.5355,0
55730.47,319.6743,255.6796,0
55742.66,319.7299,255.7636,0
55761.72,319.9862,255.8752,0
55780.28,320.1909,255.8042,0
55796.27,320.3101,255.74,0
55810.97,320.3326,255.7791,0
55828.65,320.3637,255.8725,0
55845.79,320.3991,256.0098,0
55860.93,320.3781,256.0958,0
55878.51,320.3106,256.1643,0
55894.96,320.2996,256.1853,0
55913.46,320.2581,256.2716,0
55928.41,320.2516,256.3558,0
55945.45,320.162,256.4804,0
55961.76,320.1719,256.6101,0
55981.21,320.2134,256.7191,0
55997.38,320.2209,256.8039,0
56013.24,320.1942,256.8753,0
56029.67,320.1174,256.8943,0
56046.29,320.1114,256.9469,0
56062.35,320.0965,257.0019,0
56079.56,320.1044,256.9704,0
56096.32,320.1161,256.9424,0
56115.22,320.1281,256.8366,0
56129.88,320.2527,256.698,0
56146.57,320.4247,256.6015,0
56163.27,320.4304,256.4808,0
56182.57,320.3669,256.3215,0
56198.1,320.3557,256.1571,0
56214.32,320.4404,256.0586,0
56231.54,320.6041,255.9509,0
56248.27,320.5613,255.8635,0
56264.07,320.4868,255.8425,0
56280.25,320.4791,255.6971,0
56296.94,320.5673,255.6302,0
56316.45,320.6394,255.4962,0
56330.96,320.6403,255.5793,0
56350.11,320.5677,255.5556,0
56367.26,320.5018,255.5565,0
56383.22,320.5115,255.5207,0
56400.34,320.506,255.5542,0
56416.38,320.4879,255.6491,0
56432.29,320.429,255.6263,0
56452.54,320.3568,255.3801,0
56467.66,320.4505,255.1883,0
56484.43,320.5145,255.1748,0
56501.14,320.4634,255.0901,0
56518.7,320.4937,255.1836,0
56534.01,320.4634,255.191,0
56554.39,320.4125,255.0777,0
56570.61,320.461,255.0308,0
56590.32,320.4454,254.8982,0
56606.95,320.3563,254.8165,0
56618.84,320.3127,254.762,0
56634.23,320.3889,254.7892,0
56650.7,320.4491,254.7783,0
56668.54,320.5657,254.979,0
56686.26,320.5316,255.0696,0
56703.21,320.4572,255.1633,0
56718.8,320.5734,255.1985,0
56735.07,320.6933,255.3724,0
56752.2,320.8271,255.6107,0
56768.79,320.8569,255.7116,0
56785.29,320.7202,255.7705,0
56802.93,320.5931,255.8981,0
56820,320.6064,256.0461,0
56849.69,320.7267,256.2585,0
56866.28,320.8567,256.2412,0
56879.5,320.9421,256.3018,0
56892.63,321.014,256.3705,0
56905.58,320.876,256.4375,0
56920.59,320.1555,256.114,0
56936.82,319.9674,256.434,0
56953.22,321.1581,256.8926,0
56970.94,320.9995,256.4611,0
56987.48,320.7996,256.6213,0
57003.42,320.5823,256.5049,0
57022.18,320.4564,256.5175,0
57037.59,320.3592,256.4786,0
57055.3,320.3669,256.3088,0
57071.9,320.2199,256.2059,0
57088.4,320.4556,256.302,0
57103.55,321.2142,259.8925,0
57119.25,318.6642,254.7166,0
57137.29,319.8014,256.3665,0
57154.23,319.871,256.5797,0
57171.65,319.8467,256.7281,0
57188.33,319.5251,256.9258,0
57207.75,319.2011,257.1745,0
57221.31,318.8126,257.4732,0
57238.85,318.4654,257.746,0
57255.18,318.1343,257.9794,0
57270.88,317.6863,258.3438,0
57289.77,317.6863,258.3438,1
57289.77,317.2855,258.7358,0
57307.6,316.9348,258.9941,0
57322.06,316.4709,259.4315,0
57339.05,316.0029,259.841,0
57353.29,315.2811,260.3215,0
57370.51,314.6268,260.6136,0
57388.18,313.7004,260.7637,0
57405.42,312.7923,260.9655,0
57422.43,311.7897,261.0719,0
57439.16,311.038,261.3608,0
57455.95,310.1565,261.6257,0
57472.92,309.096,261.7685,0
57490.05,308.0151,261.7877,0
57508.27,306.8463,261.873,0
57523.45,305.6185,261.9931,0
57540.32,304.2624,262.2976,0
57556.8,303.0044,262.2325,0
57571.88,301.5822,262.0203,0
57589.79,300.1479,262.0171,0
57608.05,298.4603,261.9945,0
57624.29,296.7778,262.1941,0
57641.75,294.9838,262.4799,0
57656.98,293.4187,262.8115,0
57673.07,291.7043,263.2386,0
57690.7,289.9433,263.622,0
57709.62,288.0217,264.1365,0
57728.45,286.0974,264.4937,0
57744.58,284.2665,264.8407,0
57759.46,282.7352,265.0988,0
57773.09,280.811,265.4568,0
57791.05,278.8728,265.8225,0
57807.77,276.8157,266.156,0
57824.65,274.5661,266.3172,0
57841.49,272.1202,266.3176,0
57858.52,269.6333,266.2883,0
57873.66,266.7388,266.1759,0
57891.06,263.9805,266.1945,0
57908.09,260.6547,266.1085,0
57927.21,257.9305,266.0953,0
57943.95,255.2072,265.9867,0
57962.15,252.0119,266.1192,0
57976.28,249.9149,265.7723,0
57992.59,246.9837,265.9538,0
58009.26,244.1089,265.9611,0
58027.24,241.3144,265.9388,0
58044.18,239.0744,266.2784,0
58059.96,236.9673,265.8727,0
58076.51,234.6959,264.9859,0
58094.19,231.8576,264.6118,0
58112.16,228.5855,264.5384,0
58128.21,225.4295,264.4522,0
58148.03,223.1858,264.3352,0
58160.9,220.6745,264.1816,0
58177.29,217.5793,263.5917,0
58193.73,213.809,263.2035,0
58212.07,210.7705,263.0665,0
58228.8,207.8387,262.7259,0
58244.52,205.2265,262.7188,0
58264.38,202.721,262.8441,0
58282.06,200.8262,263.1653,0
58295.2,197.9358,263.5605,0
58312.39,195.2833,263.7268,0
58329.18,193.3725,263.8205,0
58349.55,191.7465,263.6232,0
58366.86,190.1999,263.0093,0
58379.39,188.3246,262.1704,0
58399.72,186.3643,261.6188,0
58416.7,185.0365,261.2553,0
58428.96,183.8034,260.682,0
58446.22,182.4688,260.1002,0
58462.42,180.6371,259.5364,0
58480.33,178.7008,258.9738,0
58497.81,177.0136,258.3706,0
58514.32,175.1348,257.7455,0
58531.62,173.4671,257.3537,0
58546.84,171.3551,256.9979,0
58562.31,169.2457,256.6823,0
58578.71,167.0357,256.3512,0
58594.86,164.726,256.0607,0
58612.14,162.5653,255.8592,0
58630.11,160.5483,255.8057,0
58645.68,158.5294,255.7448,0
58663.11,156.8464,255.7883,0
58678.93,155.4068,255.6324,0
58695.73,154.4377,255.4486,0
58713.58,153.775,255.5206,0
58731.61,153.0749,255.5588,0
58747.57,152.3074,255.6847,0
58763.26,152.1672,255.8372,0
58780.64,152.1569,255.8633,0
58797.52,152.5846,255.9649,0
58813.96,153.0114,256.0072,0
58831.39,153.6689,256.1129,0
58847.55,155.4122,256.1802,0
58863.01,157.3957,256.272,0
58883.04,159.5914,256.5206,0
58898.04,161.635,256.8128,0
58914.31,164.3713,257.2473,0
58933.23,167.8062,257.5565,0
58950,171.6223,258.0921,0
58965.54,174.7353,258.4475,0
58981.22,178.9394,259.5448,0
59000.27,181.8689,260.8432,0
59015.68,184.6706,261.7398,0
59031.63,187.4795,262.7471,0
59049.34,190.3029,263.4573,0
59066.31,192.6588,263.6403,0
59083.85,194.7396,263.3446,0
59099.62,196.5676,262.5289,0
59117.17,197.8943,262.0359,0
59132.24,198.9158,261.7175,0
59150.27,199.0877,261.4759,0
59166.31,199.2032,261.1571,0
59182.3,198.6258,260.7565,0
59199.14,197.8758,260.5886,0
59219.02,196.5146,260.4645,0
59233.81,195.3008,260.2833,0
59250.66,193.7464,260.2044,0
59266.23,191.4823,260.054,0
59282.85,189.2186,259.7364,0
59300.03,186.7914,259.415,0
59317.18,184.0676,259.0418,0
59333.09,181.3002,258.642,0
59350.76,178.3403,258.3794,0
59366.92,174.6373,258.1847,0
59384.3,171.1673,257.8777,0
59400.58,167.3564,257.5201,0
59417.51,163.7397,257.0577,0
59433.41,159.5705,256.5126,0
59451.52,155.7784,256.358,0
59467.49,151.8353,256.2895,0
59484.21,148.1365,256.4739,0
59501.17,144.7499,256.5595,0
59517.77,141.563,256.7164,0
59534.34,138.7836,256.748,0
59554.52,136.0955,256.5978,0
59571.02,133.8654,256.4795,0
59585.96,131.3171,256.8078,0
59603.06,129.1877,257.1659,0
59619.01,127.163,257.3112,0
59634.43,124.9341,257.4826,0
59652,122.8056,258.007,0
59669.43,120.8576,258.618,0
59688.26,119.9738,259.1298,0
59705.37,119.4666,259.2635,0
59720.49,118.8435,259.2747,0
59737.99,117.9794,259.3402,0
59753.75,117.1902,260.1945,0
59773.91,116.2807,260.6921,0
59788.93,115.3584,261.2172,0
59804.23,114.7017,261.7595,0
59820.85,113.7103,262.2984,0
59839.64,112.6773,262.732,0
59856.44,111.5291,263.0628,0
59874.05,110.5918,262.9826,0
59890.03,110.0923,262.7646,0
59905.64,109.8199,262.4141,0
59922.89,109.2998,262.1305,0
59939.07,108.6762,261.748,0
59954.49,107.3372,261.3286,0
59973.99,106.1012,261.0686,0
59991.71,104.5007,260.5349,0
60009.03,102.9552,260.0475,0
60026.43,100.7453,259.5855,0
60046.34,98.83218,258.9011,0
60061.66,97.22061,258.364,0
60073.67,95.67329,257.8195,0
60089.61,94.02673,256.9607,0
60107.21,92.47999,256.1817,0
60122.15,90.71974,255.5192,0
60140.52,88.79893,254.8594,0
60157.73,86.90971,254.188,0
60174.86,85.33891,253.6201,0
60190.56,83.89373,253.1048,0
60207.53,82.24798,252.9135,0
60225.51,80.52248,252.5628,0
60241.8,79.06392,252.3629,0
60257.09,77.50102,252.5168,0
60273.84,76.35276,252.4416,0
60290.12,75.49179,252.3421,0
60305.77,75.41354,252.3053,0
60323.02,75.06745,252.4281,0
60340.17,74.81466,252.8413,0
60356.32,74.85036,253.2586,0
60374.13,75.25658,253.9501,0
60391.75,75.12189,254.2294,0
60406.98,75.09135,254.393,0
60423.01,75.21585,254.7439,0
60440.8,75.80439,255.2022,0
60459.78,76.08794,255.3876,0
60474.52,76.21785,255.6843,0
60491.98,76.72847,256.0071,0
60508.36,77.49102,256.1262,0
60529.2,77.9807,255.9992,0
60541.74,78.25936,255.9886,0
60557.97,78.6836,256.1972,0
60576.58,79.37371,256.3171,0
60592.78,79.53812,256.2724,0
60610.41,79.31784,256.1573,0
60627.38,79.31266,256.2344,0
60642.86,79.17638,256.3153,0
60660.05,79.15358,256.153,0
60675.96,79.35327,256.0028,0
60692.48,79.32693,255.9212,0
60711.95,79.36237,256.0007,0
60730.38,79.33202,256.1255,0
60744.29,78.91917,256.1551,0
60758.55,78.17261,256.0915,0
60776.71,77.9578,255.9133,0
60794.67,78.53098,255.5301,0
60810.52,79.13931,254.8468,0
60827.05,79.28854,254.6011,0
60843.17,78.98947,254.5889,0
60859.96,78.3564,254.4183,0
60876.41,77.40885,254.3194,0
60893.38,77.02737,254.2392,0
60909.9,76.4397,254.0564,0
60926.95,76.25243,253.5759,0
60947.15,75.48791,253.0485,0
60962.91,76.25105,254.3791,0
60979.71,76.90134,253.0234,0
60995.98,77.18624,252.9146,0
61012,76.3136,253.0211,0
61029.06,75.78534,253.0688,0
61045.59,75.424,253.0001,0
61062.81,75.53856,252.771,0
61080.14,75.67677,252.6422,0
61096.01,75.2787,252.8021,0
61111.41,76.38966,253.417,0
61129.36,75.62391,253.8695,0
61145.59,76.28286,255.0556,0
61162.32,73.0702,253.7192,0
61181.03,73.88605,254.9612,0
61197.22,73.87142,255.3439,0
61212.93,73.75327,256.0388,0
61228.94,73.49127,256.8503,0
61246.08,73.13385,257.7263,0
61262.71,72.88922,258.9683,0
61280.42,72.89781,259.9995,0
61299.31,72.89781,259.9995,1
61299.31,72.57272,261.0936,0
61314.89,72.00877,262.4265,0
61331.63,71.42616,263.6767,0
61348.63,70.4521,265.0207,0
61364.63,69.35452,266.6308,0
61382.05,68.54604,267.9907,0
61398.29,67.71141,269.1388,0
61415.89,67.19185,269.9986,0
61432.12,67.29491,270.3937,0
61448.29,67.27185,271.0176,0
61466.12,66.91121,271.6796,0
61482.71,66.52086,272.0136,0
61498.49,66.34777,271.9702,0
61515.82,66.35762,271.8766,0
61532.96,66.68039,271.7016,0
61549.26,66.94924,271.5055,0
61565.8,66.83428,271.3023,0
61583.67,66.67637,271.3149,0
61599.42,66.60279,271.7154,0
61615.57,67.39697,272.4298,0
61632.66,68.02406,273.2111,0
61650.5,68.0146,274.2041,0
61665.98,68.20832,275.4197,0
61683.5,68.53761,277.2178,0
61700.42,69.11906,279.7438,0
61718.49,69.65225,282.1481,0
61734.29,69.71347,286.0514,0
61750.95,70.16621,290.2103,0
61768.14,70.55991,295.2477,0
61784.44,70.42944,300.6241,0
61801.9,70.1144,305.9612,0
61818.72,68.99979,312.489,0
61836.91,67.77402,318.9019,0
61852.27,66.62431,325.5701,0
61871.28,66.21415,332.2723,0
61885.04,65.55724,338.7157,0
61902.7,64.88139,343.6938,0
61918.07,63.69349,349.2694,0
61935.21,63.46761,354.5755,0
61953.25,64.04166,359.4362,0
61968.72,63.81602,364.5292,0
61984.29,61.98899,370.4793,0
62002.51,59.37904,376.7036,0
62019.61,57.55201,382.1274,0
62035.87,56.60091,386.3921,0
62051.43,55.32391,390.1189,0
62068.41,52.53058,394.3977,0
62085.41,49.23822,399.7042,0
62102.31,47.05939,404.0256,0
62118.26,45.514,408.3256,0
62135.28,43.91517,411.9922,0
62153,42.84464,415.0495,0
62168.78,41.82246,418.0984,0
62189.11,40.83249,421.5072,0
62202.27,40.55427,424.3694,0
62219.44,39.94049,426.8155,0
62236.12,38.51626,429.9399,0
62253.6,37.62736,432.1388,0
62270.54,36.94419,434.4144,0
62287.96,36.78644,437.0302,0
62305.53,37.68554,438.7162,0
62321.96,40.38375,439.4792,0
62338.75,43.36879,440.4215,0
62354.95,45.52822,441.5954,0
62372.05,47.67588,442.7474,0
62389.11,49.84049,444.3978,0
62404.82,51.61768,445.5038,0
62423.18,53.46135,446.1308,0
62439.83,56.31508,446.5631,0
62455.04,59.27122,447.2119,0
62472.98,62.28415,447.8145,0
62489.3,64.74015,447.4785,0
62505.36,66.55293,446.7356,0
62525.19,68.0386,446.3952,0
62539.94,69.70005,446.1906,0
62555.26,71.74496,446.2156,0
62574.46,73.44899,446.1548,0
62590.77,74.72093,446.6325,0
62607.44,76.35835,446.3443,0
62625.88,78.25348,445.9125,0
62640.47,79.54517,445.7011,0
62656.85,79.97391,446.0128,0
62673,80.00751,446.5613,0
62690.26,79.92343,447.0484,0
62706.38,79.71436,447.3398,0
62726.02,79.34861,447.8743,0
62741.79,78.98783,448.3792,0
62758.03,78.64122,448.9452,0
62773.52,78.28345,449.3575,0
62790.37,77.92268,449.8429,0
62808.84,77.87885,450.2108,0
62824.54,78.00803,450.5104,0
62842.21,78.13924,450.4094,0
62857.92,77.98415,450.3362,0
62874.12,78.06564,450.3298,0
62891.73,78.38013,450.2881,0
62911.04,78.30795,449.9552,0
62925.86,78.4003,449.6001,0
62941.27,78.87703,449.5114,0
62958.52,78.78207,449.5271,0
62973.83,78.36148,448.9538,0
62992.44,78.12258,448.9873,0
63009.73,77.57104,449.4748,0
63025.1,77.25183,449.1815,0
63042.06,76.99335,448.9626,0
63060.01,76.54514,448.5296,0
63077.94,76.23547,448.5468,0
63093.04,75.91078,447.9552,0
63110.06,74.86316,443.7566,0
63127.79,78.89094,446.7544,0
63144.66,77.47602,445.7008,0
63160.79,75.4779,446.6246,0
63177.74,73.54109,447.2679,0
63195.46,73.229,446.791,0
63212.27,74.09442,445.5301,0
63228.87,75.09937,443.8157,0
63247.5,76.09654,442.8332,0
63261.15,76.95361,442.5061,0
63278.83,78.15839,443.3201,0
63295.1,77.48547,444.499,0
63313.14,75.73516,447.2578,0
63330.13,73.748,447.0064,0
63347.87,75.26631,446.4456,0
63363.32,76.20959,446.2158,0
63384.9,76.26618,446.265,0
63397.68,76.03773,446.6318,0
63415.41,75.97491,447.4585,0
63427.92,75.56779,448.2518,0
63447.43,76.05826,448.1103,0
63463.66,76.05826,448.1103,1
63463.66,76.92366,447.8956,0
63481.56,78.09371,447.5355,0
63497.81,79.33687,447.5235,0
63514.13,80.78291,447.4174,0
63531.04,83.28177,447.0874,0
63547.03,86.21955,446.7098,0
63563.71,89.96678,445.1364,0
63582.47,91.42917,444.3851,0
63596.55,91.8998,443.9927,0
63612.69,91.65504,444.1296,0
63629.42,92.17919,444.0607,0
63645.91,92.82125,443.8473,0
63662.45,93.84454,443.156,0
63680.61,95.28416,442.0558,0
63696.8,96.73924,440.9566,0
63714.68,98.39231,440.1373,0
63733.32,100.5305,439.51,0
63748.37,103.622,438.6598,0
63765.74,107.226,438.0092,0
63780.04,112.8933,436.6526,0
63797.41,118.4397,435.3295,0
63815.42,126.108,433.1366,0
63833.95,134.4918,431.01,0
63850.42,142.7722,428.8548,0
63868.06,150.6837,426.8952,0
63883.05,159.7729,425.3365,0
63899.93,167.0194,424.8296,0
63915.86,174.5462,424.2706,0
63933.39,182.3275,423.1812,0
63951.1,190.3522,422.1276,0
63969.08,198.4742,421.3719,0
63983.93,205.6443,421.3989,0
64000.28,211.5692,421.5011,0
64016.55,216.5309,421.7935,0
64033.08,222.6015,422.0779,0
64050.67,228.8464,422.6515,0
64070,234.0125,422.7657,0
64083.56,238.0051,423.7033,0
64100.79,241.6075,424.8232,0
64117.07,245.5715,425.5975,0
64133.14,249.9682,426.8227,0
64150.62,253.7835,428.2318,0
64166.73,257.1341,429.7544,0
64183.77,260.4134,431.2276,0
64201.69,263.727,432.7182,0
64218.49,267.2762,433.8218,0
64233.58,271.3675,435.5474,0
64251.7,275.0992,436.423,0
64269.29,278.0385,437.7242,0
64284.17,281.3125,439.0753,0
64302.34,284.6366,440.3816,0
64318.73,288.5926,441.9124,0
64336.27,291.7989,442.9119,0
64353.01,294.644,443.9705,0
64369.35,297.4245,445.3985,0
64386.8,300.351,447.031,0
64402.97,303.7325,449.2416,0
64419.21,306.8621,451.2796,0
64436.42,309.7265,453.2086,0
64453.16,312.1769,454.4042,0
64470.52,314.8891,456.1443,0
64491.92,317.4212,458.093,0
64507.27,319.4206,460.2014,0
64521.57,321.3838,462.2021,0
64537.13,322.8165,463.0923,0
64553.88,323.9477,463.7962,0
64569.79,324.7988,464.7691,0
64593.13,325.4214,465.3013,0
64603.44,326.2996,465.9409,0
64619.7,326.9039,466.3792,0
64639.05,327.3682,466.4841,0
64653.89,327.1331,466.4865,0
64670.13,327.0302,466.4698,0
64688.69,326.9323,466.1472,0
64704.67,326.6319,465.8468,0
64723.19,326.2522,465.2389,0
64741.59,325.7511,464.6516,0
64755.65,325.0584,464.5123,0
64772.45,324.0461,464.186,0
64790.49,323.0251,463.7669,0
64809.13,322.1392,463.3685,0
64823.53,321.0901,462.7398,0
64839.29,320.489,461.9956,0
64857.02,319.7069,461.5413,0
64874.51,318.5355,460.9833,0
64890.82,317.2151,460.1866,0
64909.36,316.6293,459.6982,0
64925.52,316.4693,459.3287,0
64941.65,316.5492,459.2441,0
64957.49,316.3906,458.8571,0
64974.63,316.2757,458.7626,0
64991.71,316.2659,458.6687,0
65009.52,316.1565,458.6546,0
65026.33,316.0183,458.5475,0
65041.92,315.9584,458.2711,0
65059.23,315.7956,457.9252,0
65075.14,315.5929,457.2073,0
65094.37,315.6698,456.6943,0
65109.46,315.9485,456.402,0
65126.44,316.3839,455.9805,0
65143.39,316.8062,455.5623,0
65159.38,317.2599,455.2347,0
65176.84,317.6721,454.8029,0
65195.11,318.3144,454.4517,0
65209.87,318.9991,454.1727,0
65225.2,319.673,453.9232,0
65242.8,320.4113,454.0077,0
65260.5,320.8076,454.0237,0
65278.44,320.8973,453.8129,0
65292.86,321.2846,453.6148,0
65310.95,321.5092,453.6864,0
65330.16,321.6935,454.0612,0
65345.95,322.2242,454.0603,0
65363.82,322.5118,453.6885,0
65381.25,322.8325,453.8022,0
65395.88,323.1909,453.8608,0
65411.07,323.2088,453.5424,0
65428.85,323.0863,453.8444,0
65442.95,322.562,453.5341,0
65459.95,320.9264,450.4445,0
65476.43,322.6053,453.5867,0
65494.16,322.0431,452.9139,0
65511.66,321.557,452.4716,0
65529.69,320.3787,452.3183,0
65547.11,319.7244,451.2383,0
65563.19,319.404,450.4461,0
65579.36,319.3721,449.8474,0
65596.85,319.2745,449.5959,0
65614.09,318.8451,449.504,0
65633.45,318.8663,450.1323,0
65647.77,319.2906,451.6667,0
65662,315.2113,446.8398,0
65678.4,316.9194,450.5384,0
65696.53,316.3582,450.4402,0
65711.98,316.3308,450.211,0
65730.2,316.1385,450.239,0
65746.98,316.2817,450.537,0
65763.16,316.5504,450.6724,0
65780.19,317.0949,450.9281,0
65796.49,318.0468,451.0116,0
65813.17,318.0468,451.0116,1
65813.17,319.565,451.1484,0
65831.73,321.1694,451.3643,0
65848.89,322.5784,451.6302,0
65865.46,323.9242,451.7418,0
65880.92,325.4254,451.385,0
65898.8,327.3759,451.2168,0
65914.94,329.7614,450.8251,0
65932.67,332.2311,450.6362,0
65949.38,334.9861,450.4265,0
65966.27,337.2303,450.5789,0
65981.7,339.7221,450.9745,0
65998.42,342.4789,451.4884,0
66014.05,345.5376,452.0199,0
66031.13,348.7007,452.0945,0
66051.82,351.1678,451.9745,0
66067.14,353.56,451.9118,0
66082.44,356.597,451.4446,0
66099.23,360.5492,450.4658,0
66115.72,364.3472,450.1446,0
66131.63,369.5052,450.1693,0
66149.37,374.4474,450.1743,0
66166.36,380.0664,449.9066,0
66182.86,386.0699,449.5594,0
66201.72,392.2665,449.3186,0
66217.94,398.8349,449.7621,0
66236.04,404.6221,450.1747,0
66253.23,410.1064,450.1516,0
66270.58,415.9242,450.4137,0
66287.13,422.0844,450.7807,0
66302.6,426.4673,450.525,0
66317.37,430.8357,450.0318,0
66334.69,436.391,449.4297,0
66353.8,442.4617,449.5156,0
66369.13,448.919,450.3349,0
66386.3,454.3308,451.5269,0
66402.19,460.1409,452.4513,0
66419.25,466.8056,453.5369,0
66435.51,473.7186,454.4606,0
66452.89,480.6563,455.7079,0
66469.47,487.5709,456.8294,0
66486.81,494.4942,457.9715,0
66503.84,500.9066,458.9514,0
66520.41,507.6573,459.5386,0
66538.06,512.4873,459.5959,0
66552.95,518.1588,459.4223,0
66571.73,524.0353,459.5161,0
66588.13,529.7718,458.7505,0
66607.4,535.0535,458.2926,0
66621.23,540.7694,458.0588,0
66640.55,546.4236,457.8535,0
66655.83,553.0033,458.047,0
66670.98,559.7537,458.3502,0
66687.46,566.4844,458.4927,0
66704.32,572.4202,458.9383,0
66721.67,576.7491,458.7516,0
66738.86,580.889,458.4523,0
66755.86,584.2195,458.3455,0
66772.38,586.723,457.9748,0
66789.07,588.9699,457.5705,0
66805.41,590.0563,456.883,0
66822.3,591.5536,456.2636,0
66840.97,591.3898,455.9622,0
66857.96,590.9612,455.329,0
66875.48,590.425,454.8686,0
66892.15,589.97,454.6166,0
66906.41,589.6436,454.4291,0
66922.54,588.5831,453.807,0
66939.09,586.0477,452.601,0
66957.2,583.5983,451.132,0
66974.23,580.6552,449.7012,0
66992.2,578.3167,448.4636,0
67006.24,575.6761,447.353,0
67022.59,571.9497,446.1135,0
67039.8,568.6694,444.8827,0
67057.45,565.5699,443.7361,0
67073.48,563.0903,442.9499,0
67091.34,560.7867,442.0919,0
67107.84,558.9657,441.5186,0
67123.92,557.6204,440.9091,0
67140.91,556.1257,440.4464,0
67158.3,555.2056,439.9623,0
67174.83,554.0107,439.5549,0
67192.5,553.5048,439.8008,0
67210.05,552.9489,439.7968,0
67225.67,552.7907,439.8153,0
67241.93,552.6548,440.1028,0
67260.41,552.9437,440.6086,0
67274.62,553.7429,441.1514,0
67290.6,554.2244,441.6583,0
67307.45,554.7713,442.185,0
67324.19,555.3932,442.9091,0
67343.04,556.0524,443.5345,0
67357.97,557.4344,444.648,0
67374.19,558.5327,445.6581,0
67393.55,559.4866,446.4706,0
67409.72,560.1552,447.3376,0
67426.95,560.5599,447.8664,0
67442.69,561.6518,448.6684,0
67459.84,563.1927,449.5135,0
67477.11,564.641,450.62,0
67493.5,565.6753,451.6841,0
67510.41,566.3044,452.2866,0
67526.68,566.724,452.4617,0
67543.91,567.1652,452.9097,0
67560.17,567.2283,453.3113,0
67576.54,567.3964,453.7302,0
67593.48,567.3741,453.8325,0
67611.81,567.079,453.7044,0
67628.5,567.0935,453.7535,0
67645.19,567.0161,453.7686,0
67660.98,567.0176,453.9195,0
67678.13,566.7464,453.9421,0
67692.96,566.2017,453.5444,0
67711.05,565.8141,453.2837,0
67729.77,565.2477,453.0916,0
67746.26,565.3217,452.8649,0
67764.18,564.7949,452.6751,0
67779.8,564.0686,452.2068,0
67795.26,563.3538,451.8942,0
67813.69,562.7327,451.3346,0
67828.91,562.4988,451.4326,0
67845.51,562.1739,451.5373,0
67862.84,562.5598,451.6467,0
67878.52,561.7977,451.429,0
67895.04,557.1406,448.5261,0
67912.74,561.3492,451.1555,0
67929.52,558.903,449.4555,0
67947.89,558.5971,448.5484,0
67961.95,557.6024,447.8869,0
67979.26,557.0146,447.2544,0
67995.15,556.8766,446.8098,0
68013.22,557.3528,446.4376,0
68029.42,560.2944,448.6077,0
68046.79,553.9899,445.0347,0
68064.01,558.4967,447.2057,0
68081.18,556.1622,445.7055,0
68099.34,555.869,443.9106,0
68115.66,556.1014,443.0481,0
68132.24,556.697,442.1265,0
68149.53,557.0768,441.3932,0
68165.55,556.6266,439.8914,0
68182.32,556.2992,438.1593,0
68200.01,556.6151,436.4207,0
68217.83,556.9836,434.9697,0
68232.56,556.9836,434.9697,1
68232.56,557.0722,432.7524,0
68251.66,556.8082,430.5402,0
68266.17,556.3156,427.9258,0
68281.73,555.7426,424.883,0
68298.95,555.5966,421.9024,0
68316.89,555.5332,419.2973,0
68333.77,555.4914,416.1773,0
68351.2,555.147,412.7426,0
68367.47,554.9221,408.9673,0
68385.23,554.7691,405.689,0
68400.99,554.6292,401.7118,0
68420.37,554.6257,398.881,0
68435.7,554.9325,396.1096,0
68450.36,554.9728,392.5617,0
68467.45,554.1653,388.5728,0
68484.45,553.8207,384.8343,0
68501.47,553.2826,380.3969,0
68518.07,553.1585,376.054,0
68537.28,553.221,370.5043,0
68558.84,553.2839,365.6666,0
68575.31,553.3523,361.3406,0
68588.25,553.1003,357.2233,0
68601.78,552.4286,351.9108,0
68618.1,551.6101,345.8472,0
68634.41,551.2724,340.3489,0
68651.17,551.066,335.1777,0
68669.31,550.7958,330.664,0
68683.35,550.977,325.8771,0
68701.05,551.5922,321.3664,0
68718.28,552.0104,317.1302,0
68736.06,552.4105,313.3306,0
68752.07,552.5728,309.934,0
68768.27,552.6837,307.0035,0
68785.21,552.8193,304.0199,0
68801.7,552.9321,301.283,0
68817.99,552.9739,298.5815,0
68835.75,552.9014,295.9448,0
68855.13,552.6505,293.8037,0
68870.56,552.213,291.8841,0
68887.33,552.0728,290.1278,0
68903.64,552.0603,288.1579,0
68918.19,552.2435,286.4127,0
68935.11,552.4105,284.8762,0
68952.74,552.6844,283.5661,0
68969.04,552.4231,282.0518,0
68985.6,552.0165,280.4584,0
69001.7,551.7797,278.721,0
69018.56,551.4238,277.3007,0
69033.95,551.2542,275.9575,0
69051.35,551.0351,274.9107,0
69069.09,551.4145,273.6826,0
69085.58,551.9083,272.4261,0
69101.48,552.0923,271.1783,0
69119.14,552.1021,270.0258,0
69137.37,552.3525,268.6858,0
69156.27,552.9253,267.7738,0
69172.87,553.8187,266.6469,0
69189.4,554.0176,265.4384,0
69206.11,554.0669,264.3483,0
69221.49,554.4478,263.1768,0
69237.78,555.1425,262.1725,0
69257.01,555.9869,261.3816,0
69272.92,556.0446,260.8503,0
69289.48,556.1844,260.1906,0
69305.56,556.4396,259.4196,0
69321.77,557.1082,258.6737,0
69339.64,557.812,258.1948,0
69354.34,557.9926,257.7605,0
69372.66,557.8734,257.5025,0
69387.88,557.8641,257.1683,0
69403.96,558.1201,256.7674,0
69421.26,558.1971,256.4019,0
69438.98,558.3074,256.182,0
69455.79,558.7258,256.0854,0
69472.69,559.0278,255.9979,0
69488.45,559.1202,255.9682,0
69505.63,559.2148,255.8994,0
69521.85,559.7281,256.2291,0
69538.87,560.16,256.4053,0
69555.56,560.4683,256.5742,0
69572.46,560.2165,256.6313,0
69589.31,560.0316,256.6624,0
69605.65,560.0374,256.9802,0
69625.21,560.0925,257.0699,0
69642.09,560.1484,257.1558,0
69656.98,560.6031,257.1118,0
69673.58,560.7241,257.1434,0
69692.54,560.6218,257.0364,0
69707.36,560.0247,256.839,0
69725.75,559.9568,256.5553,0
69741.37,560.2434,256.3561,0
69760.15,560.6677,256.2477,0
69775.91,561.0306,256.1489,0
69793.15,561.197,256.0396,0
69810.88,561.2086,256.189,0
69830.4,560.9697,256.3673,0
69844.3,560.6274,256.4406,0
69862.05,560.9628,256.5513,0
69882.32,560.712,256.6756,0
69897.69,557.599,256.2244,0
69911.77,563.4584,257.3715,0
69926.25,561.4652,256.3724,0
69942.86,561.8414,255.7749,0
69973.98,560.2781,254.9604,0
69993.36,559.7563,254.55,0
70011.51,559.498,254.2735,0
70025.29,559.1584,254.0289,0
70039.23,559.2045,254.0446,0
70051.71,560.3406,254.5557,0
70063.63,561.0201,258.55,0
70076.5,555.6807,253.5537,0
70092.45,555.4661,253.6219,0
70111.31,556.0624,253.3391,0
70127.44,556.4926,253.297,0
70155.66,556.6863,253.0919,0
70177.85,556.1929,252.9658,0
70194.61,556.1266,252.6117,0
70207.27,556.2083,252.3074,0
70218.81,556.2267,251.9757,0
70227.55,556.1798,251.5352,0
70243,555.9968,251.1192,0
70260.23,555.9968,251.1192,1
70260.23,556.3416,250.3699,0
70278.7,556.3636,249.907,0
70292.7,556.3502,248.9297,0
70311.11,555.9485,247.5979,0
70329.09,555.6469,246.0226,0
70343.69,555.217,244.6174,0
70362.81,554.9626,243.2062,0
70379.53,554.7206,241.8026,0
70395.68,554.3408,240.3298,0
70413.84,554.0966,238.6705,0
70429.97,554.0363,237.139,0
70446.72,553.922,235.3739,0
70462.53,553.7914,233.2827,0
70478.72,553.577,231.4164,0
70495.45,553.2028,229.5048,0
70511.31,553.0802,227.2983,0
70529.38,553.0928,225.3661,0
70545.47,552.9271,223.3559,0
70561.91,552.9138,220.9988,0
70579.33,552.9343,218.6635,0
70596.16,553.0028,216.162,0
70613.53,553.0433,213.8851,0
70629.34,553.0533,211.1267,0
70645.58,552.9048,208.0806,0
70663.27,552.7157,205.0322,0
70680.2,552.3833,202.0737,0
70699.02,552.0769,198.9655,0
70715.05,551.7077,195.9107,0
70732.83,551.5792,192.6167,0
70748.14,551.3998,189.4789,0
70764.09,550.9285,186.0954,0
70781.64,550.3512,183.0242,0
70798,549.9764,179.9757,0
70813.77,549.4648,176.759,0
70831.9,548.966,173.3088,0
70848.48,548.5478,169.7525,0
70866.2,548.3273,166.24,0
70882.04,548.0852,163.2022,0
70899.91,548.0389,160.3647,0
70914.54,548.1272,157.1668,0
70932.69,548.1643,153.877,0
70950.13,548.5513,150.336,0
70966.89,548.8987,147.4054,0
70982.73,549.3938,144.2947,0
70998.84,549.6548,141.477,0
71015.61,550.2715,138.4133,0
71034.6,551.2196,135.4923,0
71049.16,552.204,132.2091,0
71066.22,552.9346,128.8536,0
71083.17,553.4416,125.6947,0
71100.2,554.6458,122.456,0
71118.66,556.06,119.2789,0
71133.22,556.9714,116.2478,0
71150.6,557.1228,113.433,0
71168.15,557.0649,110.8927,0
71186.09,557.2783,108.7269,0
71202.06,557.4272,106.7873,0
71217.9,556.8304,105.82,0
71235.48,556.3938,104.7306,0
71255.82,556.2155,103.8851,0
71268.9,555.761,103.5699,0
71285.65,554.8661,102.8436,0
71302.48,554.2034,102.1356,0
71317.96,554.105,101.1704,0
71334.08,553.8441,100.1682,0
71351.66,553.2085,99.09889,0
71367.58,552.9684,98.03481,0
71385.83,553.2634,96.90755,0
71403.31,553.5719,95.73642,0
71418.82,553.3609,94.52103,0
71435.48,552.4839,93.11003,0
71452.63,551.817,91.89442,0
71470.32,551.8509,90.49505,0
71486.72,552.1597,89.01303,0
71503.36,552.3516,87.76691,0
71520.35,552.1106,87.05029,0
71537.17,551.3178,86.72002,0
71554.34,550.8622,86.14507,0
71571.4,550.7482,85.17546,0
71588.27,550.8659,84.18258,0
71603.81,550.9122,82.74332,0
71620.74,551.0546,81.38085,0
71637.99,551.639,80.08469,0
71654.66,551.8475,79.20218,0
71670.79,552.0607,78.39505,0
71688.04,552.41,77.24596,0
71704.58,553.1595,76.09959,0
71722.13,553.6165,75.00738,0
71738,553.9178,74.14566,0
71754.08,554.166,73.47221,0
71771.83,554.8005,72.59023,0
71788.83,555.0541,71.73342,0
71804.7,555.3135,70.9111,0
71821.16,555.6293,70.06365,0
71837.3,556.2415,68.98369,0
71855.33,556.8023,68.05729,0
71872.09,557.4794,67.56208,0
71889.7,557.9832,67.15782,0
71905.75,558.3574,66.8374,0
71924.06,558.4758,66.73715,0
71939.79,558.6188,66.68647,0
71955.63,558.6348,66.78395,0
71973.66,558.8459,66.92469,0
71990.29,559.0505,67.13893,0
72004.94,559.1973,67.32442,0
72021.05,559.3123,67.46472,0
72037.93,559.5116,67.7794,0
72055.63,559.5757,68.06897,0
72071.78,559.761,68.26177,0
72089.11,560.0657,68.45081,0
72105.51,560.2833,68.54034,0
72122.95,560.3889,68.2849,0
72138.48,560.3379,67.929,0
72154.89,560.3069,67.60831,0
72172.11,559.6624,67.55198,0
72190.19,559.8218,67.74011,0
72205.84,559.9717,67.67236,0
72222.41,560.0038,67.51302,0
72240.02,559.9285,67.4091,0
72256.72,559.9024,67.36149,0
72275.15,560.2944,67.00692,0
72291.59,560.7049,66.81568,0
72307.61,560.274,66.89085,0
72323.9,559.0823,66.88541,0
72340.33,559.8019,64.89675,0
72358.38,559.4406,66.48923,0
72374.05,560.6993,65.30159,0
72390.92,560.0577,65.80785,0
72407.96,559.2796,65.38758,0
72424.37,558.9348,65.27798,0
72440.87,558.816,65.15798,0
72458.19,558.8696,65.12151,0
72474.85,558.7862,64.98473,0
72492.06,560.9139,64.55922,0
72508.96,555.4561,65.64449,0
72526.33,560.2575,66.53572,0
72541.96,556.9468,66.81032,0
72558.32,556.6188,66.33921,0
72574.65,556.4644,67.08564,0
72592.76,556.3569,67.57986,0
72608.73,555.8076,68.30856,0
72625.55,554.9471,69.02696,0
72642.47,554.1512,69.68967,0
72663.24,553.4794,70.00463,0
72679.21,552.4745,70.83815,0
72694.55,552.4745,70.83815,1
72694.55,551.1829,71.90403,0
72710.73,549.8494,73.12653,0
72725.91,548.3036,74.21492,0
72743.9,546.7645,75.49168,0
72761.02,544.6665,76.75199,0
72777.85,542.5479,77.83466,0
72795.02,541.1216,78.48259,0
72810.45,539.3363,79.55163,0
72830.09,537.1097,80.64774,0
72845.36,533.44,82.39012,0
72861.3,530.5478,83.72128,0
72878.23,528.2056,85.01633,0
72896.61,525.9336,86.149,0
72910.9,523.201,87.23898,0
72928.83,519.4856,88.55172,0
72944.98,515.6197,89.91833,0
72961.47,511.3586,91.32635,0
72978.99,506.5172,92.56927,0
72995.05,501.0138,93.68204,0
73012.88,494.578,95.11743,0
73029.13,488.4703,96.75269,0
73046.6,482.6779,98.17432,0
73062.09,474.8958,100.0952,0
73081.93,468.1021,101.5987,0
73098.23,461.3562,103.0839,0
73111.34,454.1804,104.5569,0
73130.09,447.9384,105.7665,0
73147.48,441.0997,107.4001,0
73164.27,434.9834,108.6849,0
73180.99,428.751,109.7294,0
73197.9,423.7863,110.4685,0
73216.23,418.5663,110.8886,0
73233.34,413.9002,111.1996,0
73248.83,410.1454,111.2781,0
73264.23,405.7826,111.2122,0
73283.33,402.5683,111.2007,0
73299.01,399.5382,111.1338,0
73315.37,396.8485,110.8295,0
73332.42,394.3152,110.2712,0
73352.55,392.0565,109.7872,0
73365.09,390.2768,108.6978,0
73382.45,388.4008,107.7188,0
73400.62,386.3158,106.5768,0
73415.46,384.5301,105.3574,0
73432.32,382.2893,103.8473,0
73448.82,379.9024,102.5365,0
73466.48,377.821,101.2585,0
73481.51,375.7975,100.0062,0
73499,373.9604,98.76875,0
73515.13,371.8104,97.46016,0
73536.03,370.1445,96.38576,0
73548.96,368.0118,95.15184,0
73566.27,365.8783,94.09049,0
73582.75,363.811,93.31684,0
73599.69,361.5625,92.4365,0
73616.51,359.2189,91.50517,0
73635.59,357.2111,90.70611,0
73651.17,355.1108,89.68604,0
73667.23,352.7032,88.77548,0
73684.48,350.6494,88.15959,0
73700.44,348.2014,87.55586,0
73717.41,346.0206,87.1214,0
73732.34,343.4735,86.46548,0
73750.3,341.1701,85.73689,0
73766.56,338.7148,85.06675,0
73783.19,336.3638,84.43153,0
73800.59,334.4304,84.25368,0
73817.35,332.4232,84.2151,0
73832.98,330.3388,84.24732,0
73851.51,328.3531,84.29489,0
73868.03,326.336,84.18943,0
73883.96,324.486,83.97974,0
73901.66,322.8047,83.70152,0
73918.6,321.3766,83.56293,0
73938.11,319.82,83.29623,0
73954.55,318.7004,83.20817,0
73967.28,317.3743,82.97366,0
73984.26,316.3058,82.60207,0
74000.09,315.446,82.04975,0
74017.87,314.8842,81.46603,0
74034.99,314.3794,80.81613,0
74052.67,313.8872,80.15231,0
74068.99,313.6913,79.56398,0
74085.08,313.8421,78.95197,0
74101.97,313.7161,78.34791,0
74118.41,313.4882,77.97893,0
74134.36,313.477,77.70715,0
74153.27,313.6103,77.56293,0
74167.94,313.7504,77.53928,0
74186.14,314.1031,77.44941,0
74201.62,314.9623,77.32372,0
74218.38,315.5692,77.3181,0
74233.88,316.059,77.13825,0
74252.2,316.4504,76.93608,0
74269.34,316.8317,76.70478,0
74285.63,317.1693,76.41363,0
74302.34,317.533,76.11227,0
74319.73,317.693,75.71342,0
74335.77,318.0355,75.33066,0
74354.81,318.3655,74.85834,0
74369.69,318.5671,74.37872,0
74387.16,318.8577,73.88791,0
74403.13,319.071,73.48032,0
74420.37,319.1481,73.05537,0
74436.95,319.2067,72.77123,0
74454.81,319.3033,72.40809,0
74470.59,319.3214,72.15688,0
74488.8,319.2178,71.79404,0
74504.16,319.0868,71.63249,0
74520.42,318.9906,71.44997,0
74536.91,318.9467,71.41357,0
74555.79,318.7449,71.13195,0
74574.55,318.5145,71.00713,0
74588.54,318.3378,70.90362,0
74603.88,318.246,70.71591,0
74622.79,318.2214,70.55974,0
74638.74,318.2373,70.38931,0
74655.45,318.1711,69.96156,0
74671.88,318.3117,69.70609,0
74688.74,318.4113,69.51517,0
74705.77,318.4844,69.4724,0
74721.5,318.5349,69.17992,0
74738.02,318.6391,69.03894,0
74757.89,318.7898,69.41728,0
74774.12,318.8577,69.16978,0
74791.68,318.7914,69.1961,0
74808.36,318.8307,69.62294,0
74826.41,318.7837,69.70071,0
74842.44,318.9734,69.8298,0
74857.88,319.1561,69.89341,0
74873.69,318.6646,69.66474,0
74890.49,320.1622,70.87385,0
74908.24,319.2435,70.05366,0
74923.48,319.7503,70.02753,0
74940.7,319.1283,70.5069,0
74964.19,318.7805,70.40777,0
74975.88,318.7404,70.27442,0
74992.17,318.814,69.89397,0
75009.99,318.8391,69.69697,0
75025.61,319.3185,69.91005,0
75044.21,315.9577,67.83155,0
75063.57,318.565,70.74414,0
75080.2,317.3958,69.91097,0
75097.18,317.1502,69.40813,0
75108.98,317.3365,69.93723,0
75123.99,317.0199,69.91749,0
75140.57,316.6827,70.46806,0
75161.9,316.2932,70.87731,0
75176.99,316.2103,71.18103,0
75195.93,316.0789,71.48489,0
75210.59,315.9026,71.75681,0
75227,315.9026,71.75681,1
75227,315.4893,72.3721,0
75243.45,314.9129,72.98993,0
75260.44,314.3004,73.55962,0
75276.46,313.4568,73.99712,0
75292.63,312.6046,74.55308,0
75309.67,311.0468,75.23756,0
75324.02,309.5675,76.019,0
75342.04,307.8603,76.91337,0
75359.84,306.1339,77.64097,0
75374.85,304.0311,78.58963,0
75397.43,301.8356,79.39126,0
75415.03,299.4178,80.07562,0
75427.72,296.9731,80.66909,0
75444.22,295.0447,81.2142,0
75459.29,293.1551,81.68465,0
75476.5,291.2118,82.1189,0
75493.89,288.9272,82.81518,0
75512.39,286.3601,83.37653,0
75528.3,283.2242,84.03086,0
75545.05,280.1089,84.431,0
75561.73,276.5503,84.81741,0
75577.97,271.7317,85.43672,0
75595.72,266.8624,86.36052,0
75611.52,261.1826,87.69272,0
75628.63,255.9353,88.61668,0
75644.24,250.9198,89.33842,0
75661.34,245.7874,89.76295,0
75680.03,240.8472,89.75282,0
75696.54,236.2409,89.60353,0
75712.07,230.4035,89.51664,0
75731.72,225.5594,89.3144,0
75746.7,221.4024,88.98901,0
75763.38,217.0938,88.58589,0
75779.75,212.6373,88.41364,0
75796.35,207.8778,87.80275,0
75812.91,203.432,86.93653,0
75832.38,199.2121,86.4119,0
75845.7,195.5327,85.6716,0
75862.41,191.7096,84.79036,0
75879.75,187.9194,83.85031,0
75896.09,183.9535,82.58488,0
75913.67,179.5294,81.52926,0
75930.23,174.4946,80.6352,0
75947.98,169.6857,79.5767,0
75963.91,165.4122,78.23667,0
75980.29,161.1939,76.96704,0
75996.29,156.401,76.05994,0
76016.02,151.4301,75.22395,0
76032.45,146.9072,74.69445,0
76049.44,142.4371,73.97971,0
76066.94,138.4237,73.14751,0
76082.9,133.8859,71.4857,0
76096.25,129.3466,71.21983,0
76116.31,125.7458,70.42674,0
76132.67,121.3167,69.85786,0
76150.68,117.335,68.9277,0
76166.18,114.3699,68.41728,0
76182.24,112.013,68.34951,0
76199.23,110.1198,68.6153,0
76215.62,108.1361,68.87641,0
76233.73,105.8666,68.84551,0
76248.09,104.4197,68.73627,0
76266.08,103.6669,68.62775,0
76283.39,103.0564,68.54546,0
76298.44,101.8561,68.57809,0
76317.83,100.0481,68.44075,0
76333.54,99.46907,68.37098,0
76351.25,99.59924,68.28588,0
76367.27,99.61796,68.04016,0
76383.35,99.03651,68.13869,0
76400.82,98.67062,68.33837,0
76418.37,99.10056,68.64184,0
76432.98,99.39741,68.7234,0
76451.76,99.38191,68.67498,0
76468.61,99.71069,68.62777,0
76486.8,99.59678,68.48908,0
76504.02,99.05463,68.36832,0
76518.72,98.49531,68.02673,0
76534.09,97.84195,67.6359,0
76552.28,97.18848,66.77973,0
76569.39,96.52688,66.13015,0
76586.65,95.16694,65.49869,0
76602.19,93.99477,65.15115,0
76619.44,93.08143,64.82195,0
76636.96,91.94969,64.3041,0
76653.5,90.95609,63.74244,0
76670.4,90.22181,63.61993,0
76685.55,89.54816,63.8073,0
76702.43,88.59991,63.84432,0
76718.54,87.67522,64.04221,0
76739.04,86.68945,64.08511,0
76753.4,86.26896,64.02668,0
76770.29,85.74904,63.65998,0
76787.16,85.52435,63.65759,0
76803.23,85.92104,64.35633,0
76820.55,87.14901,65.5228,0
76840.52,87.96688,66.15968,0
76854.27,87.82627,66.5944,0
76869.77,87.37141,67.25703,0
76887.52,86.82121,67.73441,0
76903.52,86.09737,67.93871,0
76920.84,85.42114,68.1791,0
76940,85.24621,68.32725,0
76955.6,84.99336,68.54836,0
76971.67,84.5025,68.6001,0
76989.74,84.44987,68.64134,0
77004.88,84.25112,68.50703,0
77021.96,84.40188,68.55659,0
77038.4,84.25218,68.46658,0
77052.88,84.1449,68.47877,0
77072.25,83.9801,68.4593,0
77089.33,83.95853,68.64571,0
77104.45,83.67157,68.80475,0
77121.29,83.25639,69.17104,0
77137.96,83.12254,69.50314,0
77154.58,83.32729,69.8333,0
77172.3,83.34782,69.68622,0
77189.85,82.77795,70.0778,0
77204.84,81.87366,70.03374,0
77221.82,81.44648,70.09314,0
77238.03,82.51337,70.28349,0
77255.41,84.11044,70.73051,0
77272.39,85.31699,70.71227,0
77288.54,84.41529,67.71404,0
77306.08,87.08845,70.67479,0
77321.84,87.06523,70.31936,0
77339.86,86.67941,70.40438,0
77355.71,85.04004,69.59503,0
77373.07,83.75948,69.11168,0
77391.98,82.69943,68.49409,0
77406.83,81.58469,67.89056,0
77424.16,80.77895,67.14347,0
77440.67,81.02938,66.51089,0
77457.86,79.75639,67.83341,0
77473.14,82.72889,68.28362,0
77490.16,80.4889,65.8004,0
77507.34,81.04656,66.23812,0
77524.15,81.26009,66.67505,0
77538.62,81.62704,67.05172,0
77554.86,81.8832,67.49814,0
77571.45,82.1092,68.04745,0
77590.33,82.24908,68.51597,0
77605.92,82.47253,68.75293,0
77623.23,82.85659,69.06142,0
77641.77,82.85659,69.06142,1
77641.77,83.17979,69.53423,0
77674.92,83.51399,70.43314,0
77688.11,84.0324,71.11514,0
77700.73,84.73595,71.61353,0
77713.05,85.45565,72.27717,0
77725.32,86.10657,72.98238,0
77740.72,86.50974,74.04512,0
77758.38,86.40966,74.76155,0
77777.51,86.60135,75.42075,0
77795.73,87.0922,75.88374,0
77811.63,88.01711,76.68067,0
77827.88,88.63227,77.93098,0
77845.81,88.9911,79.04149,0
77862.77,89.35818,79.96645,0
77879.48,90.21194,80.84881,0
77896.55,91.28577,81.99754,0
77915.13,92.7446,83.71487,0
77930.13,93.96822,85.28276,0
77947.3,94.64761,86.75905,0
77962.16,94.86745,88.11253,0
77978.43,95.96611,89.01939,0
77996.66,97.3892,90.03971,0
78012.25,98.6849,91.02214,0
78027.99,99.67149,91.80908,0
78044.66,100.7137,93.0261,0
78062.03,102.1625,94.41141,0
78078.21,104.2538,96.2222,0
78095.54,107.8219,99.166,0
78114.02,111.2861,102.6465,0
78129.74,116.4456,108.5502,0
78147.41,121.1598,113.7218,0
78164.23,127.1133,120.919,0
78179.39,131.3843,126.6268,0
78194.92,136.1648,133.2444,0
78215.79,141.2112,140.6906,0
78231.1,147.2446,147.8885,0
78248.2,153.7995,155.3975,0
78271.36,161.3576,163.9625,0
78288.68,166.7294,170.4772,0
78307.82,172.6638,177.8723,0
78325.27,178.2458,183.9002,0
78343.63,185.2396,190.0196,0
78363.77,191.0817,195.5952,0
78380.34,195.0985,199.4476,0
78394.7,198.6075,202.5935,0
78408.5,202.8057,205.3477,0
78422.8,206.926,207.362,0
78436.38,210.9488,209.2847,0
78449.32,214.6383,211.2881,0
78464.64,218.7171,212.7041,0
78481.75,222.9955,214.7116,0
78499.7,226.8648,216.6147,0
78516.37,231.7478,218.9143,0
78536.63,235.8226,220.8403,0
78553.71,239.5826,222.6218,0
78571.5,243.8049,224.5299,0
78590.56,248.0084,225.9537,0
78607.51,251.7774,226.6219,0
78625.17,255.8706,227.615,0
78643.43,259.8688,229.1667,0
78660.87,264.1988,231.0981,0
78677.27,267.8128,232.5441,0
78692.69,270.9683,233.7255,0
78706.96,273.682,235.0114,0
78721.02,276.3882,236.4882,0
78734.04,279.252,238.4092,0
78749.46,282.903,240.2392,0
78766.69,286.2814,241.7912,0
78783.23,289.468,243.3963,0
78802.02,292.9482,245.5588,0
78820.73,296.5712,247.8564,0
78835.38,300.6313,250.6599,0
78852.33,302.8333,252.1298,0
78868.91,305.5219,254.006,0
78885.49,307.8965,255.4129,0
78902.93,310.2664,256.9203,0
78920.2,312.6362,258.1644,0
78937.88,314.777,258.8215,0
78951.66,317.158,258.7961,0
78973.05,319.7987,258.2043,0
78991.17,321.9258,257.229,0
79006.91,324.2128,256.3305,0
79022.88,326.8153,255.5751,0
79038.73,329.4264,254.7794,0
79052.31,331.712,254.219,0
79068.54,333.6125,253.8073,0
79087.38,335.5295,253.627,0
79107.2,337.5016,253.5925,0
79119.43,339.4396,253.6827,0
79135.8,341.0842,253.633,0
79152.27,342.5819,253.394,0
79169.5,343.9796,253.1371,0
79186.47,344.9813,252.8162,0
79205.54,345.9939,252.59,0
79220.46,346.5156,252.3937,0
79235.96,346.7788,252.0996,0
79256.23,347.0305,251.5471,0
79272.43,347.1614,251.298,0
79285.81,346.4857,251.5006,0
79303.48,345.8719,252.1473,0
79321.83,345.0866,252.9355,0
79337.98,344.2017,253.7059,0
79355.59,342.9215,254.8247,0
79372.95,341.5833,255.663,0
79392.7,339.9893,256.2343,0
79410.32,338.5773,256.3367,0
79427.57,337.5033,255.9175,0
79444.42,336.4572,255.3009,0
79460.58,335.5037,255.3232,0
79474.48,334.4203,255.5615,0
79489.81,333.4459,255.7554,0
79506.05,332.8637,256.1625,0
79522.59,332.4573,256.7205,0
79541.18,331.8828,257.1725,0
79557.02,331.0964,257.4738,0
79578.02,330.0238,257.7375,0
79595.14,329.5687,257.8906,0
79611.2,329.3896,257.9792,0
79625.15,329.4054,257.8301,0
79638.06,329.2281,257.7409,0
79655.69,329.0185,257.7211,0
79672.19,328.7064,257.6001,0
79690.1,328.4401,257.5133,0
79709.88,328.211,257.2938,0
79726.92,327.9965,257.0056,0
79744.45,327.5901,256.8219,0
79762.96,327.0024,256.7504,0
79781.33,326.5269,256.6381,0
79800.71,326.1507,256.4772,0
79820.37,325.8493,256.384,0
79838.19,325.5799,255.99,0
79857.73,325.0334,255.4415,0
79874.28,324.5742,254.9694,0
79891.87,324.2767,254.138,0
79909.16,323.8942,253.1165,0
79926.48,323.4135,251.7994,0
79941.73,323.1333,250.7911,0
79955.15,322.936,249.9517,0
79968.27,322.8144,249.0398,0
79981.41,322.5964,247.9559,0
79995.18,322.3496,246.8714,0
80010.29,322.0673,245.742,0
80025.41,321.7022,244.7504,0
80041.51,321.4584,244.0531,0
80058.21,321.3546,243.5115,0
80074.34,321.2201,242.936,0
80092.08,321.0103,242.5685,0
80108.99,320.7489,242.4278,0
80129.3,320.6254,242.4544,0
80148.73,320.4233,242.8515,0
80167.08,320.1677,243.1179,0
80183.59,319.8574,243.4505,0
80200.78,319.658,243.62,0
80216.59,319.4142,243.877,0
80231.09,319.2417,244.1753,0
80244.58,319.119,244.3786,0
80259.94,319.0945,244.6792,0
80275.65,319.1494,244.9681,0
80292.86,319.0811,245.2837,0
80311.03,318.9387,245.5118,0
80328.59,318.8874,245.6857,0
80344.45,318.9838,245.6631,0
80361.51,318.8495,245.6675,0
80379.04,318.7644,245.7545,0
80395.75,318.7538,245.8786,0
80412.91,318.7899,245.829,0
80430.07,318.7906,245.9109,0
80443.67,318.7666,246.0294,0
80460.6,318.5924,246.1682,0
80477.23,318.6308,246.2924,0
80495.94,318.671,246.2473,0
80513.82,318.7526,246.2699,0
80530.54,318.7863,246.2748,0
80545.75,318.8854,246.3977,0
80562.27,319.0566,246.4794,0
80583.13,319.1801,246.6353,0
80596.66,319.3075,246.6596,0
80612.37,319.4288,246.6697,0
80628.68,319.5072,246.7426,0
80644.61,319.5617,246.7484,0
80661.97,319.6487,246.7473,0
80678.45,319.7346,246.841,0
80694.15,319.4462,246.8775,0
80712.13,319.3968,246.9481,0
80729.4,319.4268,246.9477,0
80744.52,319.5025,246.9466,0
80765.78,319.6384,247.0101,0
80781.31,319.7625,246.9458,0
80799.82,319.8083,246.9277,0
80814.27,319.9046,246.8613,0
80834.92,320.0057,246.7681,0
80853.12,320.0048,246.8295,0
80871.73,320.1755,246.8315,0
80889.41,320.2786,246.9222,0
80908.73,320.5289,246.9155,0
80926.91,320.6986,246.8034,0
80942.32,320.8239,246.7432,0
80956.65,320.8378,246.7516,0
80969.63,320.8084,246.7088,0
80982.17,320.7641,246.553,0
80998.95,320.7371,246.3263,0
81014.3,320.7565,246.2919,0
81031.48,320.6696,246.1084,0
81049.52,320.5113,245.9356,0
81064.27,320.3002,245.6749,0
81081.44,320.1756,245.4634,0
81097.98,320.0041,245.3377,0
81116.84,319.856,245.1314,0
81133.94,319.7572,245.0177,0
81151.61,319.6883,245.0098,0
81167.04,319.5434,244.9859,0
81186.48,319.2085,244.8791,0
81201.83,318.9823,244.7952,0
81216.95,318.825,244.7474,0
81237.55,318.699,244.6611,0
81251.56,318.5808,244.6534,0
81269.1,318.3915,244.5693,0
81285,318.2069,244.5919,0
81301.26,317.917,244.6378,0
81318.83,317.7031,244.5978,0
81338.91,317.537,244.6098,0
81353.84,317.4853,244.3977,0
81367.45,317.3172,244.1734,0
81388.19,317.1634,244.0288,0
81403.16,317.0474,243.8066,0
81419.44,316.9786,243.6441,0
81438.88,316.7916,243.5302,0
81458.28,316.6411,243.4356,0
81476.92,316.5167,243.0988,0
81499.65,316.3422,242.6636,0
81518.2,316.3486,242.4864,0
81536.88,316.3649,242.2054,0
81553.8,316.4264,242.2525,0
81571.37,316.5014,242.3849,0
81589.01,316.5952,242.4836,0
81607.6,316.3983,242.6951,0
81623.99,316.4033,242.8638,0
81642.16,316.368,243.0656,0
81659.09,316.3407,243.165,0
81676.62,316.3329,242.8696,0
81696.1,316.2754,242.9057,0
81714.59,316.2036,242.7057,0
81730.66,316.0443,242.3639,0
81750.81,315.94,242.4184,0
81767.55,315.7649,242.4694,0
81784.95,315.5312,242.4468,0
81803.59,315.4172,242.5043,0
81821.92,315.4052,242.5729,0
81841.86,315.3311,242.495,0
81861.55,315.2236,242.5713,0
81879.52,315.2521,242.5431,0
81896.24,315.2304,242.4834,0
81914.06,315.2363,242.5333,0
81932.38,315.1836,242.5307,0
81951.17,315.2021,242.612,0
81968.48,315.0933,242.6092,0
81985.5,315.0356,242.58,0
82001.88,315.036,242.4838,0
82018.73,315.0826,242.3585,0
82032.51,315.0836,242.3421,0
82046.74,315.1671,242.3766,0
82059.19,315.1603,242.4608,0
82071.13,315.162,242.5755,0
82090.46,315.1819,242.7384,0
82105.14,315.0644,242.8049,0
82119.88,315.0037,242.9405,0
82138.3,314.9012,243.1442,0
82155.87,314.9306,243.3909,0
82172.88,314.9013,243.4933,0
82188.27,314.7761,243.5256,0
82201.66,314.6924,243.5754,0
82214.63,314.6473,243.5243,0
82228.48,314.6085,243.4863,0
82241.68,314.6343,243.4126,0
82256.4,314.5661,243.3071,0
82272.16,314.5083,243.3348,0
82290.35,314.3858,243.4613,0
82307.27,314.133,243.734,0
82323.92,313.9507,244.0194,0
82342.79,313.8064,244.2542,0
82358.9,313.6585,244.3826,0
82374.4,313.501,244.5986,0
82391.28,313.2953,244.8735,0
82408.23,313.1002,245.152,0
82425.63,312.9789,245.4487,0
82438.98,312.8904,245.6814,0
82456.45,312.6944,245.8017,0
82474.02,312.5341,245.7663,0
82491.27,312.3277,245.7869,0
82508.04,312.0999,245.7578,0
82523.99,312.0955,245.769,0
82540.5,312.1747,245.8298,0
82558.03,312.2531,245.8125,0
82574.27,312.0743,245.8094,0
82593.66,311.973,245.7999,0
82609.96,311.8346,245.8337,0
82627.83,311.7867,245.832,0
82646.9,311.6859,245.9235,0
82662.01,311.6089,245.9898,0
82678.02,311.6436,246.0881,0
82693.18,311.5874,246.271,0
82713.32,311.6088,246.4838,0
82729.87,311.5902,246.5091,0
82743.22,311.5591,246.5664,0
82765.15,311.5206,246.5632,0
82782.39,311.5203,246.7453,0
82801.97,311.3973,246.8566,0
82821.48,311.2526,246.9665,0
82842.68,311.0378,246.9592,0
82860.9,310.8885,246.7253,0
82881.86,310.717,246.5714,0
82899.94,309.6158,246.1941,0
82917.14,312.2855,246.7763,0
82937.18,310.9866,246.1295,0
82954.96,310.3679,246.2241,0
82972.69,309.7923,246.1112,0
82988.71,309.6225,245.9458,0
83006.77,309.6163,245.7765,0
83024.14,309.5975,245.4456,0
83041.03,309.5426,245.2776,0
83059.08,309.4564,245.1314,0
83075.83,309.2641,245.218,0
83100.46,310.6871,245.5303,0
83119.51,305.7714,243.0569,0
83136.12,310.3768,246.6068,0
83151.91,307.957,245.2174,0
83164.94,308.5005,245.4263,0
83182.65,308.4758,245.484,0
83197.67,308.3261,245.3421,0
83211.1,308.3614,245.3037,0
83225.65,308.2815,245.3503,0
83245.7,308.0258,245.4094,0
83262.66,307.9007,245.3797,0
